time_data,temp,compstat
18-09-2024 00:00,-22,ON
18-09-2024 00:01,-22.1,ON
18-09-2024 00:02,-22.1,ON
18-09-2024 00:03,-22.1,ON
18-09-2024 00:04,-22.1,ON
18-09-2024 00:05,-22.1,ON
18-09-2024 00:06,-22.1,ON
18-09-2024 00:07,-22.1,ON
18-09-2024 00:08,-22.1,ON
18-09-2024 00:09,-22.1,ON
18-09-2024 00:10,-22.1,ON
18-09-2024 00:11,-22.1,ON
18-09-2024 00:12,-22.1,ON
18-09-2024 00:13,-22.1,ON
18-09-2024 00:14,-22.1,ON
18-09-2024 00:15,-22.1,ON
18-09-2024 00:16,-22.1,ON
18-09-2024 00:17,-22.1,ON
18-09-2024 00:18,-22.1,ON
18-09-2024 00:19,-22.1,ON
18-09-2024 00:20,-22.1,ON
18-09-2024 00:21,-22.1,ON
18-09-2024 00:22,-22.1,ON
18-09-2024 00:23,-22.1,ON
18-09-2024 00:24,-22.1,ON
18-09-2024 00:25,-22.1,ON
18-09-2024 00:26,-22.1,ON
18-09-2024 00:27,-22.1,ON
18-09-2024 00:28,-22.1,ON
18-09-2024 00:29,-22.1,ON
18-09-2024 00:30,-22.1,ON
18-09-2024 00:31,-22.1,ON
18-09-2024 00:32,-22.1,ON
18-09-2024 00:33,-22.1,ON
18-09-2024 00:34,-22.1,ON
18-09-2024 00:35,-22.1,ON
18-09-2024 00:36,-22.1,ON
18-09-2024 00:37,-22.1,ON
18-09-2024 00:38,-22.1,ON
18-09-2024 00:39,-22.1,ON
18-09-2024 00:40,-22.1,ON
18-09-2024 00:41,-22.1,ON
18-09-2024 00:42,-22.1,ON
18-09-2024 00:43,-22.1,ON
18-09-2024 00:44,-22.1,ON
18-09-2024 00:45,-22.1,ON
18-09-2024 00:46,-22.1,ON
18-09-2024 00:47,-22.1,ON
18-09-2024 00:48,-22.1,ON
18-09-2024 00:49,-22.1,ON
18-09-2024 00:50,-22.1,ON
18-09-2024 00:51,-22.1,ON
18-09-2024 00:52,-22.1,ON
18-09-2024 00:53,-22.1,ON
18-09-2024 00:54,-22.1,ON
18-09-2024 00:55,-22.2,ON
18-09-2024 00:56,-22.2,ON
18-09-2024 00:57,-22.2,ON
18-09-2024 00:58,-22.2,ON
18-09-2024 00:59,-22.2,ON
18-09-2024 01:00,-22.3,ON
18-09-2024 01:01,-22.3,ON
18-09-2024 01:02,-22.3,ON
18-09-2024 01:03,-22.3,ON
18-09-2024 01:04,-22.3,ON
18-09-2024 01:05,-22.3,ON
18-09-2024 01:06,-22.4,ON
18-09-2024 01:07,-22.4,ON
18-09-2024 01:08,-22.4,ON
18-09-2024 01:09,-22.4,ON
18-09-2024 01:10,-22.4,ON
18-09-2024 01:11,-22.4,ON
18-09-2024 01:12,-22.4,ON
18-09-2024 01:13,-22.4,ON
18-09-2024 01:14,-22.4,ON
18-09-2024 01:15,-22.4,ON
18-09-2024 01:16,-22.4,ON
18-09-2024 01:17,-22.4,ON
18-09-2024 01:18,-22.4,ON
18-09-2024 01:19,-22.4,ON
18-09-2024 01:20,-22.4,ON
18-09-2024 01:21,-22.4,ON
18-09-2024 01:22,-22.4,ON
18-09-2024 01:23,-22.4,ON
18-09-2024 01:24,-22.4,ON
18-09-2024 01:25,-22.4,ON
18-09-2024 01:26,-22.4,ON
18-09-2024 01:27,-22.4,ON
18-09-2024 01:28,-22.4,ON
18-09-2024 01:29,-22.4,ON
18-09-2024 01:30,-22.4,ON
18-09-2024 01:31,-22.4,ON
18-09-2024 01:32,-22.4,ON
18-09-2024 01:33,-22.4,ON
18-09-2024 01:34,-22.4,ON
18-09-2024 01:35,-22.4,ON
18-09-2024 01:36,-22.4,ON
18-09-2024 01:37,-22.4,ON
18-09-2024 01:38,-22.4,ON
18-09-2024 01:39,-22.4,ON
18-09-2024 01:40,-22.4,ON
18-09-2024 01:41,-22.4,ON
18-09-2024 01:42,-22.3,ON
18-09-2024 01:43,-22.2,ON
18-09-2024 01:44,-22.2,ON
18-09-2024 01:45,-22.2,ON
18-09-2024 01:46,-22.2,ON
18-09-2024 01:47,-22.1,ON
18-09-2024 01:48,-22,ON
18-09-2024 01:49,-22,ON
18-09-2024 01:50,-21.9,ON
18-09-2024 01:51,-21.9,ON
18-09-2024 01:52,-21.8,ON
18-09-2024 01:53,-21.8,ON
18-09-2024 01:54,-21.8,ON
18-09-2024 01:55,-21.8,ON
18-09-2024 01:56,-21.8,ON
18-09-2024 01:57,-21.7,ON
18-09-2024 01:58,-21.7,ON
18-09-2024 01:59,-21.7,ON
18-09-2024 02:00,-21.6,ON
18-09-2024 02:01,-21.6,ON
18-09-2024 02:02,-21.6,ON
18-09-2024 02:03,-21.6,ON
18-09-2024 02:04,-21.5,ON
18-09-2024 02:05,-21.5,ON
18-09-2024 02:06,-21.5,ON
18-09-2024 02:07,-21.4,ON
18-09-2024 02:08,-21.4,ON
18-09-2024 02:09,-21.4,ON
18-09-2024 02:10,-21.3,ON
18-09-2024 02:11,-21.1,ON
18-09-2024 02:12,-20.9,ON
18-09-2024 02:13,-20.8,ON
18-09-2024 02:14,-20.8,ON
18-09-2024 02:15,-20.8,ON
18-09-2024 02:16,-20.8,ON
18-09-2024 02:17,-20.9,ON
18-09-2024 02:18,-20.9,ON
18-09-2024 02:19,-21,ON
18-09-2024 02:20,-21.1,ON
18-09-2024 02:21,-21.2,ON
18-09-2024 02:22,-21.2,ON
18-09-2024 02:23,-21.3,ON
18-09-2024 02:24,-21.3,ON
18-09-2024 02:25,-21.3,ON
18-09-2024 02:26,-21.3,ON
18-09-2024 02:27,-21.4,ON
18-09-2024 02:28,-21.4,ON
18-09-2024 02:29,-21.4,ON
18-09-2024 02:30,-21.5,ON
18-09-2024 02:31,-21.5,ON
18-09-2024 02:32,-20.4,ON
18-09-2024 02:33,-19.9,ON
18-09-2024 02:34,-19.9,ON
18-09-2024 02:35,-20.3,ON
18-09-2024 02:36,-20.6,ON
18-09-2024 02:37,-20.6,ON
18-09-2024 02:38,-20.6,ON
18-09-2024 02:39,-20.4,ON
18-09-2024 02:40,-20.4,ON
18-09-2024 02:41,-20.4,ON
18-09-2024 02:42,-20.4,ON
18-09-2024 02:43,-20.3,ON
18-09-2024 02:44,-20.3,ON
18-09-2024 02:45,-20.2,ON
18-09-2024 02:46,-20.1,ON
18-09-2024 02:47,-20,ON
18-09-2024 02:48,-20,ON
18-09-2024 02:49,-20,ON
18-09-2024 02:50,-19.8,ON
18-09-2024 02:51,-19.7,ON
18-09-2024 02:52,-19.7,ON
18-09-2024 02:53,-19.6,ON
18-09-2024 02:54,-19.5,ON
18-09-2024 02:55,-19.5,ON
18-09-2024 02:56,-19.4,ON
18-09-2024 02:57,-19.2,ON
18-09-2024 02:58,-19.2,ON
18-09-2024 02:59,-19.2,ON
18-09-2024 03:00,-19.2,ON
18-09-2024 03:01,-19.2,ON
18-09-2024 03:02,-19.2,ON
18-09-2024 03:03,-19.2,ON
18-09-2024 03:04,-19.2,ON
18-09-2024 03:05,-19.2,ON
18-09-2024 03:06,-19.1,ON
18-09-2024 03:07,-18.7,ON
18-09-2024 03:08,-18.7,ON
18-09-2024 03:09,-18.7,ON
18-09-2024 03:10,-19.1,ON
18-09-2024 03:11,-19.4,ON
18-09-2024 03:12,-19.7,ON
18-09-2024 03:13,-19.9,ON
18-09-2024 03:14,-20.1,ON
18-09-2024 03:15,-20.2,ON
18-09-2024 03:16,-20.4,ON
18-09-2024 03:17,-20.6,ON
18-09-2024 03:18,-20.6,ON
18-09-2024 03:19,-20.8,ON
18-09-2024 03:20,-20.9,ON
18-09-2024 03:21,-20.9,ON
18-09-2024 03:22,-21,ON
18-09-2024 03:23,-21.1,ON
18-09-2024 03:24,-21.1,ON
18-09-2024 03:25,-21.2,ON
18-09-2024 03:26,-21.3,ON
18-09-2024 03:27,-21.3,ON
18-09-2024 03:28,-21.4,ON
18-09-2024 03:29,-21.4,ON
18-09-2024 03:30,-21.5,ON
18-09-2024 03:31,-21.5,ON
18-09-2024 03:32,-21.5,ON
18-09-2024 03:33,-21.6,ON
18-09-2024 03:34,-21.6,ON
18-09-2024 03:35,-21.6,ON
18-09-2024 03:36,-21.7,ON
18-09-2024 03:37,-21.7,ON
18-09-2024 03:38,-21.7,ON
18-09-2024 03:39,-21.7,ON
18-09-2024 03:40,-21.7,ON
18-09-2024 03:41,-21.8,ON
18-09-2024 03:42,-21.8,ON
18-09-2024 03:43,-21.8,ON
18-09-2024 03:44,-21.9,ON
18-09-2024 03:45,-21.9,ON
18-09-2024 03:46,-21.9,ON
18-09-2024 03:47,-21.9,ON
18-09-2024 03:48,-21.9,ON
18-09-2024 03:49,-21.9,ON
18-09-2024 03:50,-21.9,ON
18-09-2024 03:51,-21.9,ON
18-09-2024 03:52,-22,ON
18-09-2024 03:53,-22,ON
18-09-2024 03:54,-22,ON
18-09-2024 03:55,-22,ON
18-09-2024 03:56,-22,ON
18-09-2024 03:57,-22,ON
18-09-2024 03:58,-22,ON
18-09-2024 03:59,-22.1,ON
18-09-2024 04:00,-22.1,ON
18-09-2024 04:01,-22.1,ON
18-09-2024 04:02,-22.1,ON
18-09-2024 04:03,-22.1,ON
18-09-2024 04:04,-22.2,ON
18-09-2024 04:05,-22.2,ON
18-09-2024 04:06,-22.2,ON
18-09-2024 04:07,-22.2,ON
18-09-2024 04:08,-22.2,ON
18-09-2024 04:09,-22.2,ON
18-09-2024 04:10,-22.2,ON
18-09-2024 04:11,-22.2,ON
18-09-2024 04:12,-22.2,ON
18-09-2024 04:13,-22.3,ON
18-09-2024 04:14,-22.3,ON
18-09-2024 04:15,-22.3,ON
18-09-2024 04:16,-22.3,ON
18-09-2024 04:17,-22.3,ON
18-09-2024 04:18,-22.3,ON
18-09-2024 04:19,-22.3,ON
18-09-2024 04:20,-22.3,ON
18-09-2024 04:21,-22.3,ON
18-09-2024 04:22,-22.3,ON
18-09-2024 04:23,-22.3,ON
18-09-2024 04:24,-22.3,ON
18-09-2024 04:25,-22.4,ON
18-09-2024 04:26,-22.4,ON
18-09-2024 04:27,-22.4,ON
18-09-2024 04:28,-22.4,ON
18-09-2024 04:29,-22.4,ON
18-09-2024 04:30,-22.4,ON
18-09-2024 04:31,-22.4,ON
18-09-2024 04:32,-22.4,ON
18-09-2024 04:33,-22.4,ON
18-09-2024 04:34,-22.4,ON
18-09-2024 04:35,-22.4,ON
18-09-2024 04:36,-22.4,ON
18-09-2024 04:37,-22.4,ON
18-09-2024 04:38,-22.4,ON
18-09-2024 04:39,-22.4,ON
18-09-2024 04:40,-22.4,ON
18-09-2024 04:41,-22.4,ON
18-09-2024 04:42,-22.4,ON
18-09-2024 04:43,-22.4,ON
18-09-2024 04:44,-22.4,ON
18-09-2024 04:45,-22.4,ON
18-09-2024 04:46,-22.4,ON
18-09-2024 04:47,-22.4,ON
18-09-2024 04:48,-22.4,ON
18-09-2024 04:49,-22.4,ON
18-09-2024 04:50,-22.4,ON
18-09-2024 04:51,-22.4,ON
18-09-2024 04:52,-22.4,ON
18-09-2024 04:53,-22.4,ON
18-09-2024 04:54,-22.4,ON
18-09-2024 04:55,-22.4,ON
18-09-2024 04:56,-22.4,ON
18-09-2024 04:57,-22.4,ON
18-09-2024 04:58,-22.4,ON
18-09-2024 04:59,-22.4,ON
18-09-2024 05:00,-22.4,ON
18-09-2024 05:01,-22.4,ON
18-09-2024 05:02,-22.4,ON
18-09-2024 05:03,-22.4,ON
18-09-2024 05:04,-22.4,ON
18-09-2024 05:05,-22.4,ON
18-09-2024 05:06,-22.4,ON
18-09-2024 05:07,-22.4,ON
18-09-2024 05:08,-22.4,ON
18-09-2024 05:09,-22.4,ON
18-09-2024 05:10,-22.4,ON
18-09-2024 05:11,-22.4,ON
18-09-2024 05:12,-22.4,ON
18-09-2024 05:13,-22.4,ON
18-09-2024 05:14,-22.4,ON
18-09-2024 05:15,-22.4,ON
18-09-2024 05:16,-22.4,ON
18-09-2024 05:17,-22.4,ON
18-09-2024 05:18,-22.5,ON
18-09-2024 05:19,-22.5,ON
18-09-2024 05:20,-22.5,ON
18-09-2024 05:21,-22.5,ON
18-09-2024 05:22,-22.6,ON
18-09-2024 05:23,-22.6,ON
18-09-2024 05:24,-22.6,ON
18-09-2024 05:25,-22.6,ON
18-09-2024 05:26,-22.6,ON
18-09-2024 05:27,-22.6,ON
18-09-2024 05:28,-22.6,ON
18-09-2024 05:29,-22.7,ON
18-09-2024 05:30,-22.7,ON
18-09-2024 05:31,-22.7,ON
18-09-2024 05:32,-22.7,ON
18-09-2024 05:33,-22.7,ON
18-09-2024 05:34,-22.7,ON
18-09-2024 05:35,-22.7,ON
18-09-2024 05:36,-22.7,ON
18-09-2024 05:37,-22.7,ON
18-09-2024 05:38,-22.7,ON
18-09-2024 05:39,-22.7,ON
18-09-2024 05:40,-22.7,ON
18-09-2024 05:41,-22.7,ON
18-09-2024 05:42,-22.7,ON
18-09-2024 05:43,-22.7,ON
18-09-2024 05:44,-22.7,ON
18-09-2024 05:45,-22.7,ON
18-09-2024 05:46,-22.7,ON
18-09-2024 05:47,-22.7,ON
18-09-2024 05:48,-22.7,ON
18-09-2024 05:49,-22.7,ON
18-09-2024 05:50,-22.7,ON
18-09-2024 05:51,-22.7,ON
18-09-2024 05:52,-22.7,ON
18-09-2024 05:53,-22.7,ON
18-09-2024 05:54,-22.7,ON
18-09-2024 05:55,-22.7,ON
18-09-2024 05:56,-22.7,ON
18-09-2024 05:57,-22.7,ON
18-09-2024 05:58,-22.7,ON
18-09-2024 05:59,-22.7,ON
18-09-2024 06:00,-22.6,ON
18-09-2024 06:01,-22.6,ON
18-09-2024 06:02,-22.6,ON
18-09-2024 06:03,-22.6,ON
18-09-2024 06:04,-22.6,ON
18-09-2024 06:05,-22.6,ON
18-09-2024 06:06,-22.6,ON
18-09-2024 06:07,-22.6,ON
18-09-2024 06:08,-22.6,ON
18-09-2024 06:09,-22.6,OFF
18-09-2024 06:10,-22.6,OFF
18-09-2024 06:11,-22.6,OFF
18-09-2024 06:12,-22.5,OFF
18-09-2024 06:13,-22.5,OFF
18-09-2024 06:14,-22.4,OFF
18-09-2024 06:15,-22.4,OFF
18-09-2024 06:16,-22.3,OFF
18-09-2024 06:17,-22.3,OFF
18-09-2024 06:18,-22.3,OFF
18-09-2024 06:19,-22.2,OFF
18-09-2024 06:20,-22.2,OFF
18-09-2024 06:21,-22.1,OFF
18-09-2024 06:22,-22,OFF
18-09-2024 06:23,-22,OFF
18-09-2024 06:24,-22,OFF
18-09-2024 06:25,-21.9,OFF
18-09-2024 06:26,-21.9,OFF
18-09-2024 06:27,-21.8,OFF
18-09-2024 06:28,-21.8,OFF
18-09-2024 06:29,-21.7,ON
18-09-2024 06:30,-21.7,ON
18-09-2024 06:31,-21.6,ON
18-09-2024 06:32,-21.6,ON
18-09-2024 06:33,-21.5,ON
18-09-2024 06:34,-21.4,ON
18-09-2024 06:35,-21.3,ON
18-09-2024 06:36,-21,ON
18-09-2024 06:37,-20.9,ON
18-09-2024 06:38,-20.9,ON
18-09-2024 06:39,-20.9,ON
18-09-2024 06:40,-20.9,ON
18-09-2024 06:41,-20.9,ON
18-09-2024 06:42,-21.1,ON
18-09-2024 06:43,-21.2,ON
18-09-2024 06:44,-21.2,ON
18-09-2024 06:45,-21.3,ON
18-09-2024 06:46,-21.4,ON
18-09-2024 06:47,-21.4,ON
18-09-2024 06:48,-21.4,ON
18-09-2024 06:49,-21.5,ON
18-09-2024 06:50,-21.5,ON
18-09-2024 06:51,-21.6,ON
18-09-2024 06:52,-21.6,ON
18-09-2024 06:53,-21.6,ON
18-09-2024 06:54,-20.8,ON
18-09-2024 06:55,-20.2,ON
18-09-2024 06:56,-20.3,ON
18-09-2024 06:57,-20.7,ON
18-09-2024 06:58,-21,ON
18-09-2024 06:59,-21.2,ON
18-09-2024 07:00,-21.3,ON
18-09-2024 07:01,-21.2,ON
18-09-2024 07:02,-21,ON
18-09-2024 07:03,-20.8,ON
18-09-2024 07:04,-20.8,ON
18-09-2024 07:05,-20.7,ON
18-09-2024 07:06,-20.7,ON
18-09-2024 07:07,-20.6,ON
18-09-2024 07:08,-20.5,ON
18-09-2024 07:09,-20.5,ON
18-09-2024 07:10,-20.4,ON
18-09-2024 07:11,-20.3,ON
18-09-2024 07:12,-20.2,ON
18-09-2024 07:13,-20.2,ON
18-09-2024 07:14,-20.1,ON
18-09-2024 07:15,-20,ON
18-09-2024 07:16,-19.9,ON
18-09-2024 07:17,-19.8,ON
18-09-2024 07:18,-19.7,ON
18-09-2024 07:19,-19.6,ON
18-09-2024 07:20,-19.6,ON
18-09-2024 07:21,-19.6,ON
18-09-2024 07:22,-19.5,ON
18-09-2024 07:23,-19.5,ON
18-09-2024 07:24,-19.5,ON
18-09-2024 07:25,-19.5,ON
18-09-2024 07:26,-19.5,ON
18-09-2024 07:27,-19.5,ON
18-09-2024 07:28,-19.5,ON
18-09-2024 07:29,-19.5,ON
18-09-2024 07:30,-19.4,ON
18-09-2024 07:31,-18.9,ON
18-09-2024 07:32,-18.9,ON
18-09-2024 07:33,-18.9,ON
18-09-2024 07:34,-19.3,ON
18-09-2024 07:35,-19.6,ON
18-09-2024 07:38,-20.2,ON
18-09-2024 07:39,-20.4,ON
18-09-2024 07:40,-20.5,ON
18-09-2024 07:41,-20.7,ON
18-09-2024 07:42,-20.8,ON
18-09-2024 07:43,-20.9,ON
18-09-2024 07:44,-21,ON
18-09-2024 07:45,-21,ON
18-09-2024 07:46,-21.1,ON
18-09-2024 07:47,-21.2,ON
18-09-2024 07:48,-21.2,ON
18-09-2024 07:49,-21.3,ON
18-09-2024 07:50,-21.3,ON
18-09-2024 07:51,-21.4,ON
18-09-2024 07:52,-21.4,ON
18-09-2024 07:53,-21.4,ON
18-09-2024 07:54,-21.5,ON
18-09-2024 07:55,-21.5,ON
18-09-2024 07:56,-21.6,ON
18-09-2024 07:57,-21.6,ON
18-09-2024 07:58,-21.6,ON
18-09-2024 07:59,-21.7,ON
18-09-2024 08:00,-21.7,ON
18-09-2024 08:01,-21.8,ON
18-09-2024 08:02,-21.8,ON
18-09-2024 08:03,-21.8,ON
18-09-2024 08:04,-21.8,ON
18-09-2024 08:05,-21.9,ON
18-09-2024 08:06,-21.9,ON
18-09-2024 08:07,-21.9,ON
18-09-2024 08:08,-21.9,ON
18-09-2024 08:09,-21.9,ON
18-09-2024 08:10,-22,ON
18-09-2024 08:11,-22,ON
18-09-2024 08:12,-22,ON
18-09-2024 08:13,-22.1,ON
18-09-2024 08:14,-22.1,ON
18-09-2024 08:15,-22.1,ON
18-09-2024 08:16,-22.1,ON
18-09-2024 08:17,-22.1,ON
18-09-2024 08:18,-22.1,ON
18-09-2024 08:19,-22.1,ON
18-09-2024 08:20,-22.2,ON
18-09-2024 08:21,-22.2,ON
18-09-2024 08:22,-22.2,ON
18-09-2024 08:23,-22.2,ON
18-09-2024 08:24,-22.2,ON
18-09-2024 08:25,-22.2,ON
18-09-2024 08:26,-22.2,ON
18-09-2024 08:27,-22.2,ON
18-09-2024 08:28,-22.3,ON
18-09-2024 08:29,-22.3,ON
18-09-2024 08:30,-22.3,ON
18-09-2024 08:31,-22.3,ON
18-09-2024 08:32,-22.3,ON
18-09-2024 08:33,-22.3,ON
18-09-2024 08:34,-22.3,ON
18-09-2024 08:35,-22.3,ON
18-09-2024 08:36,-22.3,ON
18-09-2024 08:37,-22.4,ON
18-09-2024 08:38,-22.4,ON
18-09-2024 08:39,-22.4,ON
18-09-2024 08:40,-22.4,ON
18-09-2024 08:41,-22.4,ON
18-09-2024 08:42,-22.4,ON
18-09-2024 08:43,-22.4,ON
18-09-2024 08:44,-22.4,ON
18-09-2024 08:45,-22.4,ON
18-09-2024 08:46,-22.4,ON
18-09-2024 08:47,-22.5,ON
18-09-2024 08:48,-22.5,ON
18-09-2024 08:49,-22.5,ON
18-09-2024 08:50,-22.5,ON
18-09-2024 08:51,-22.5,ON
18-09-2024 08:52,-22.5,ON
18-09-2024 08:53,-22.5,ON
18-09-2024 08:54,-22.5,ON
18-09-2024 08:55,-22.5,ON
18-09-2024 08:56,-22.5,ON
18-09-2024 08:57,-22.5,ON
18-09-2024 08:58,-22.5,ON
18-09-2024 08:59,-22.5,ON
18-09-2024 09:00,-22.6,ON
18-09-2024 09:01,-22.6,ON
18-09-2024 09:02,-22.6,ON
18-09-2024 09:03,-22.6,ON
18-09-2024 09:04,-22.6,ON
18-09-2024 09:05,-22.6,ON
18-09-2024 09:06,-22.6,ON
18-09-2024 09:07,-22.6,ON
18-09-2024 09:08,-22.6,ON
18-09-2024 09:09,-22.6,ON
18-09-2024 09:10,-22.6,ON
18-09-2024 09:11,-22.6,ON
18-09-2024 09:12,-22.6,ON
18-09-2024 09:13,-22.6,ON
18-09-2024 09:14,-22.6,ON
18-09-2024 09:15,-22.6,ON
18-09-2024 09:16,-22.6,ON
18-09-2024 09:17,-22.6,ON
18-09-2024 09:18,-22.6,ON
18-09-2024 09:19,-22.6,ON
18-09-2024 09:20,-22.6,ON
18-09-2024 09:21,-22.6,ON
18-09-2024 09:22,-22.6,ON
18-09-2024 09:23,-22.6,ON
18-09-2024 09:24,-22.6,ON
18-09-2024 09:25,-22.6,ON
18-09-2024 09:26,-22.6,ON
18-09-2024 09:27,-22.6,ON
18-09-2024 09:28,-22.6,ON
18-09-2024 09:29,-22.6,ON
18-09-2024 09:30,-22.6,ON
18-09-2024 09:31,-22.6,ON
18-09-2024 09:32,-22.6,ON
18-09-2024 09:33,-22.6,ON
18-09-2024 09:34,-22.6,ON
18-09-2024 09:35,-22.6,ON
18-09-2024 09:36,-22.6,ON
18-09-2024 09:37,-22.6,ON
18-09-2024 09:38,-22.6,ON
18-09-2024 09:39,-22.6,ON
18-09-2024 09:40,-22.6,ON
18-09-2024 09:41,-22.6,ON
18-09-2024 09:42,-22.6,ON
18-09-2024 09:43,-22.6,ON
18-09-2024 09:44,-22.6,ON
18-09-2024 09:45,-22.6,ON
18-09-2024 09:46,-22.6,ON
18-09-2024 09:47,-22.6,ON
18-09-2024 09:48,-22.7,ON
18-09-2024 09:49,-22.7,ON
18-09-2024 09:50,-22.7,ON
18-09-2024 09:51,-22.7,ON
18-09-2024 09:52,-22.7,ON
18-09-2024 09:53,-22.7,ON
18-09-2024 09:54,-22.7,ON
18-09-2024 09:55,-22.7,ON
18-09-2024 09:56,-22.7,ON
18-09-2024 09:57,-22.7,ON
18-09-2024 09:58,-22.7,ON
18-09-2024 09:59,-22.7,ON
18-09-2024 10:00,-22.7,ON
18-09-2024 10:01,-22.7,ON
18-09-2024 10:02,-22.7,ON
18-09-2024 10:03,-22.7,ON
18-09-2024 10:04,-22.7,ON
18-09-2024 10:05,-22.7,ON
18-09-2024 10:06,-22.7,ON
18-09-2024 10:07,-22.7,ON
18-09-2024 10:08,-22.7,ON
18-09-2024 10:09,-22.7,ON
18-09-2024 10:10,-22.3,ON
18-09-2024 10:11,-22.3,ON
18-09-2024 10:12,-22.3,ON
18-09-2024 10:13,-22.3,ON
18-09-2024 10:14,-22.3,ON
18-09-2024 10:15,-22.3,ON
18-09-2024 10:16,-22.3,ON
18-09-2024 10:17,-22.3,ON
18-09-2024 10:18,-22.3,ON
18-09-2024 10:19,-22.4,ON
18-09-2024 10:20,-22.4,ON
18-09-2024 10:21,-22.4,ON
18-09-2024 10:22,-22.4,ON
18-09-2024 10:23,-20.3,ON
18-09-2024 10:24,-20.4,ON
18-09-2024 10:25,-20.6,ON
18-09-2024 10:26,-20.6,ON
18-09-2024 10:27,-20.8,ON
18-09-2024 10:28,-20.4,ON
18-09-2024 10:29,-20.2,ON
18-09-2024 10:30,-20.4,ON
18-09-2024 10:31,-20.6,ON
18-09-2024 10:33,-20.8,ON
18-09-2024 10:34,-20.8,ON
18-09-2024 10:35,-20.8,ON
18-09-2024 10:36,-20.8,ON
18-09-2024 10:37,-20.4,ON
18-09-2024 10:38,-20.7,ON
18-09-2024 10:39,-20.8,ON
18-09-2024 10:40,-20.8,ON
18-09-2024 10:41,-20.8,ON
18-09-2024 10:42,-18,ON
18-09-2024 10:43,-17.4,ON
18-09-2024 10:44,-15.7,ON
18-09-2024 10:45,-15.4,ON
18-09-2024 10:46,-16,ON
18-09-2024 10:47,-16,ON
18-09-2024 10:48,-15.7,ON
18-09-2024 10:49,-16.5,ON
18-09-2024 10:50,-17.7,ON
18-09-2024 10:51,-18.8,ON
18-09-2024 10:52,-19.2,ON
18-09-2024 10:53,-19.9,ON
18-09-2024 10:54,-20.5,ON
18-09-2024 10:55,-20.8,ON
18-09-2024 10:56,-19.6,ON
18-09-2024 10:57,-18.7,ON
18-09-2024 10:58,-19.4,ON
18-09-2024 10:59,-20.3,ON
18-09-2024 11:00,-20.6,ON
18-09-2024 11:01,-21,ON
18-09-2024 11:02,-21,ON
18-09-2024 11:03,-21,ON
18-09-2024 11:04,-21,ON
18-09-2024 11:05,-21.1,ON
18-09-2024 11:06,-21.2,ON
18-09-2024 11:07,-21.3,ON
18-09-2024 11:08,-21.3,ON
18-09-2024 11:09,-21.3,ON
18-09-2024 11:10,-21.4,ON
18-09-2024 11:11,-21.4,ON
18-09-2024 11:12,-21.4,ON
18-09-2024 11:13,-21.4,ON
18-09-2024 11:14,-21.5,ON
18-09-2024 11:15,-21.5,ON
18-09-2024 11:16,-21.5,ON
18-09-2024 11:17,-21.6,ON
18-09-2024 11:18,-21.6,ON
18-09-2024 11:19,-21.2,ON
18-09-2024 11:20,-21.2,ON
18-09-2024 11:21,-21.2,ON
18-09-2024 11:22,-21.2,ON
18-09-2024 11:23,-21.2,ON
18-09-2024 11:24,-21,ON
18-09-2024 11:25,-20.8,ON
18-09-2024 11:26,-20.8,ON
18-09-2024 11:27,-20.8,ON
18-09-2024 11:28,-20.8,ON
18-09-2024 11:29,-20.8,ON
18-09-2024 11:30,-20.8,ON
18-09-2024 11:31,-20.8,ON
18-09-2024 11:32,-20.8,ON
18-09-2024 11:33,-20.8,ON
18-09-2024 11:34,-20.8,ON
18-09-2024 11:35,-20.9,ON
18-09-2024 11:36,-20.9,ON
18-09-2024 11:37,-21,ON
18-09-2024 11:38,-21.1,ON
18-09-2024 11:39,-21.1,ON
18-09-2024 11:40,-21.1,ON
18-09-2024 11:41,-21.1,ON
18-09-2024 11:42,-21,ON
18-09-2024 11:43,-20.9,ON
18-09-2024 11:44,-20.9,ON
18-09-2024 11:45,-20.9,ON
18-09-2024 11:46,-20.9,ON
18-09-2024 11:47,-20.8,ON
18-09-2024 11:48,-20.7,ON
18-09-2024 11:49,-20.4,ON
18-09-2024 11:50,-20.3,ON
18-09-2024 11:51,-20.2,ON
18-09-2024 11:52,-20.1,ON
18-09-2024 11:53,-20.1,ON
18-09-2024 11:54,-20,ON
18-09-2024 11:55,-19.8,ON
18-09-2024 11:56,-19.4,ON
18-09-2024 11:57,-19.1,ON
18-09-2024 11:58,-19,ON
18-09-2024 11:59,-18.9,ON
18-09-2024 12:00,-18.6,ON
18-09-2024 12:01,-18.2,ON
18-09-2024 12:02,-18,ON
18-09-2024 12:03,-17.6,ON
18-09-2024 12:04,-17.6,ON
18-09-2024 12:05,-17.6,ON
18-09-2024 12:06,-17.6,ON
18-09-2024 12:07,-17.6,ON
18-09-2024 12:08,-17.6,ON
18-09-2024 12:09,-17.6,ON
18-09-2024 12:10,-17.6,ON
18-09-2024 12:11,-17.6,ON
18-09-2024 12:12,-17.6,ON
18-09-2024 12:13,-17.6,ON
18-09-2024 12:14,-17.6,ON
18-09-2024 12:15,-17.7,ON
18-09-2024 12:16,-17.7,ON
18-09-2024 12:17,-17.7,ON
18-09-2024 12:18,-17.7,ON
18-09-2024 12:19,-17.7,ON
18-09-2024 12:20,-17.8,ON
18-09-2024 12:21,-17.9,ON
18-09-2024 12:22,-17.9,ON
18-09-2024 12:23,-18,ON
18-09-2024 12:24,-18,ON
18-09-2024 12:25,-18,ON
18-09-2024 12:26,-18,ON
18-09-2024 12:27,-18,ON
18-09-2024 12:28,-18,ON
18-09-2024 12:29,-18,ON
18-09-2024 12:30,-18,ON
18-09-2024 12:31,-18,ON
18-09-2024 12:32,-18,ON
18-09-2024 12:33,-18,ON
18-09-2024 12:34,-17.9,ON
18-09-2024 12:35,-17.7,ON
18-09-2024 12:36,-17.6,ON
18-09-2024 12:37,-17.5,ON
18-09-2024 12:38,-17.4,ON
18-09-2024 12:39,-17,ON
18-09-2024 12:40,-16.9,ON
18-09-2024 12:41,-16.9,ON
18-09-2024 12:42,-16.9,ON
18-09-2024 12:43,-16.7,ON
18-09-2024 12:44,-16.4,ON
18-09-2024 12:45,-15.9,ON
18-09-2024 12:46,-15.8,ON
18-09-2024 12:47,-15.9,ON
18-09-2024 12:48,-16,ON
18-09-2024 12:49,-16.2,ON
18-09-2024 12:50,-16.1,ON
18-09-2024 12:51,-15.9,ON
18-09-2024 12:52,-16,ON
18-09-2024 12:53,-16.2,ON
18-09-2024 12:54,-16.2,ON
18-09-2024 12:55,-16.5,ON
18-09-2024 12:56,-16.7,ON
18-09-2024 12:57,-16.8,ON
18-09-2024 12:58,-16.2,ON
18-09-2024 12:59,-15.6,ON
18-09-2024 13:00,-15.4,ON
18-09-2024 13:01,-14.7,ON
18-09-2024 13:02,-14.3,ON
18-09-2024 13:03,-13.8,ON
18-09-2024 13:04,-13.7,ON
18-09-2024 13:05,-13.6,ON
18-09-2024 13:06,-13.3,ON
18-09-2024 13:07,-12.6,ON
18-09-2024 13:08,-12.6,ON
18-09-2024 13:09,-12.6,ON
18-09-2024 13:10,-13.6,ON
18-09-2024 13:11,-14.1,ON
18-09-2024 13:12,-14.4,ON
18-09-2024 13:13,-14.7,ON
18-09-2024 13:14,-14.8,ON
18-09-2024 13:15,-14.8,ON
18-09-2024 13:16,-14.8,ON
18-09-2024 13:17,-14.7,ON
18-09-2024 13:18,-14.7,ON
18-09-2024 13:19,-14.8,ON
18-09-2024 13:20,-14.9,ON
18-09-2024 13:21,-14.9,ON
18-09-2024 13:22,-14.8,ON
18-09-2024 13:23,-14.8,ON
18-09-2024 13:24,-14.8,ON
18-09-2024 13:25,-14.5,ON
18-09-2024 13:26,-14,ON
18-09-2024 13:27,-11.5,ON
18-09-2024 13:28,-11.7,ON
18-09-2024 13:29,-12,ON
18-09-2024 13:30,-11.9,ON
18-09-2024 13:31,-12.8,ON
18-09-2024 13:32,-13.4,ON
18-09-2024 13:33,-14.3,ON
18-09-2024 13:34,-15.1,ON
18-09-2024 13:35,-15.7,ON
18-09-2024 13:36,-16.1,ON
18-09-2024 13:37,-16.5,ON
18-09-2024 13:38,-16.9,ON
18-09-2024 13:39,-17.1,ON
18-09-2024 13:40,-17.4,ON
18-09-2024 13:41,-17.6,ON
18-09-2024 13:42,-17.8,ON
18-09-2024 13:43,-18,ON
18-09-2024 13:44,-18.2,ON
18-09-2024 13:45,-18.4,ON
18-09-2024 13:46,-18.5,ON
18-09-2024 13:47,-18.7,ON
18-09-2024 13:48,-18.8,ON
18-09-2024 13:49,-18.9,ON
18-09-2024 13:50,-19,ON
18-09-2024 13:51,-19.2,ON
18-09-2024 13:52,-19.3,ON
18-09-2024 13:53,-19.4,ON
18-09-2024 13:54,-19.5,ON
18-09-2024 13:55,-19.5,ON
18-09-2024 13:56,-19.6,ON
18-09-2024 13:57,-19.7,ON
18-09-2024 13:58,-19.7,ON
18-09-2024 13:59,-19.8,ON
18-09-2024 14:00,-19.9,ON
18-09-2024 14:01,-19.9,OFF
18-09-2024 14:02,-20,OFF
18-09-2024 14:03,-20.1,OFF
18-09-2024 14:04,-20.1,OFF
18-09-2024 14:05,-20.2,OFF
18-09-2024 14:06,-19.9,OFF
18-09-2024 14:07,-20,OFF
18-09-2024 14:08,-20.2,OFF
18-09-2024 14:09,-20.3,OFF
18-09-2024 14:10,-20.3,OFF
18-09-2024 14:11,-20.4,OFF
18-09-2024 14:12,-20.5,OFF
18-09-2024 14:13,-20.6,OFF
18-09-2024 14:14,-20.6,OFF
18-09-2024 14:15,-20.6,OFF
18-09-2024 14:16,-20.7,OFF
18-09-2024 14:17,-20.7,OFF
18-09-2024 14:18,-20.7,OFF
18-09-2024 14:19,-20.8,OFF
18-09-2024 14:20,-20.8,OFF
18-09-2024 14:21,-20.8,ON
18-09-2024 14:22,-20.9,ON
18-09-2024 14:23,-20.9,ON
18-09-2024 04:03,-22.8,ON
18-09-2024 04:04,-22.8,ON
18-09-2024 04:05,-22.8,ON
18-09-2024 04:06,-22.8,ON
18-09-2024 04:07,-22.8,ON
18-09-2024 04:08,-22.9,ON
18-09-2024 04:09,-22.9,ON
18-09-2024 04:10,-22.9,ON
18-09-2024 04:11,-22.9,ON
18-09-2024 04:12,-22.9,ON
18-09-2024 04:13,-22.9,ON
18-09-2024 04:14,-22.9,ON
18-09-2024 04:15,-22.9,ON
18-09-2024 04:16,-22.9,ON
18-09-2024 04:17,-22.9,ON
18-09-2024 04:18,-22.9,ON
18-09-2024 04:19,-22.9,ON
18-09-2024 04:20,-22.9,ON
18-09-2024 04:21,-22.9,ON
18-09-2024 04:22,-22.9,ON
18-09-2024 04:23,-23,ON
18-09-2024 04:24,-23,ON
18-09-2024 04:25,-23,ON
18-09-2024 04:26,-23,ON
18-09-2024 04:27,-23,ON
18-09-2024 04:28,-23,ON
18-09-2024 04:29,-23,ON
18-09-2024 04:30,-23,ON
18-09-2024 04:31,-23,ON
18-09-2024 04:32,-23.1,ON
18-09-2024 04:33,-23.1,ON
18-09-2024 04:34,-23.1,ON
18-09-2024 04:35,-23.1,ON
18-09-2024 04:36,-23.1,ON
18-09-2024 04:37,-23.1,ON
18-09-2024 04:38,-23.1,ON
18-09-2024 04:39,-23.1,ON
18-09-2024 04:40,-23.1,ON
18-09-2024 04:41,-23.1,ON
18-09-2024 04:42,-23.1,ON
18-09-2024 04:43,-23.1,ON
18-09-2024 04:44,-23.1,ON
18-09-2024 04:45,-23.1,ON
18-09-2024 04:46,-23.1,ON
18-09-2024 04:47,-23.1,ON
18-09-2024 04:48,-23.1,ON
18-09-2024 04:49,-23.1,ON
18-09-2024 04:50,-23.1,ON
18-09-2024 04:51,-23.1,ON
18-09-2024 04:52,-23.1,ON
18-09-2024 04:53,-23.1,ON
18-09-2024 04:54,-23.1,ON
18-09-2024 04:55,-23.1,ON
18-09-2024 04:56,-23.1,ON
18-09-2024 04:57,-23.1,ON
18-09-2024 04:58,-23.1,ON
18-09-2024 04:59,-23.1,ON
18-09-2024 05:00,-23.1,ON
18-09-2024 05:01,-23.1,ON
18-09-2024 05:02,-23.1,ON
18-09-2024 05:03,-23.2,ON
18-09-2024 05:04,-23.2,ON
18-09-2024 05:05,-23.2,ON
18-09-2024 05:06,-23.2,ON
18-09-2024 05:07,-23.2,ON
18-09-2024 05:08,-23.2,ON
18-09-2024 05:09,-23.2,ON
18-09-2024 05:10,-23.2,ON
18-09-2024 05:11,-23.2,ON
18-09-2024 05:12,-23.2,ON
18-09-2024 05:13,-23.2,ON
18-09-2024 05:14,-23.2,ON
18-09-2024 05:15,-23.2,ON
18-09-2024 05:16,-23.2,ON
18-09-2024 05:17,-23.2,ON
18-09-2024 05:18,-23.2,ON
18-09-2024 05:19,-23.2,ON
18-09-2024 05:20,-23.2,ON
18-09-2024 05:21,-23.2,ON
18-09-2024 05:22,-23.2,ON
18-09-2024 05:23,-23.2,ON
18-09-2024 05:24,-23.2,ON
18-09-2024 05:25,-23,ON
18-09-2024 05:26,-22.9,ON
18-09-2024 05:27,-22.9,ON
18-09-2024 05:28,-22.9,ON
18-09-2024 05:29,-22.9,ON
18-09-2024 05:30,-22.9,ON
18-09-2024 05:31,-22.9,ON
18-09-2024 05:32,-22.9,ON
18-09-2024 05:33,-22.9,ON
18-09-2024 05:34,-22.9,ON
18-09-2024 05:35,-22.9,ON
18-09-2024 05:36,-22.9,ON
18-09-2024 05:37,-22.9,ON
18-09-2024 05:38,-22.9,ON
18-09-2024 05:39,-22.9,ON
18-09-2024 05:40,-22.9,ON
18-09-2024 05:41,-22.9,ON
18-09-2024 05:42,-22.9,ON
18-09-2024 05:43,-22.9,ON
18-09-2024 05:44,-22.9,ON
18-09-2024 05:45,-22.9,ON
18-09-2024 05:46,-22.9,ON
18-09-2024 05:47,-22.9,ON
18-09-2024 05:48,-22.9,ON
18-09-2024 05:49,-22.9,ON
18-09-2024 05:50,-22.9,ON
18-09-2024 05:51,-22.9,ON
18-09-2024 05:52,-22.9,ON
18-09-2024 05:53,-22.9,ON
18-09-2024 05:54,-22.9,ON
18-09-2024 05:55,-22.9,ON
18-09-2024 05:56,-22.9,ON
18-09-2024 05:57,-22.9,OFF
18-09-2024 05:58,-22.9,OFF
18-09-2024 05:59,-22.9,OFF
18-09-2024 06:00,-22.9,OFF
18-09-2024 06:01,-22.9,OFF
18-09-2024 06:02,-22.9,OFF
18-09-2024 06:03,-23,OFF
18-09-2024 06:04,-23,OFF
18-09-2024 06:05,-23,OFF
18-09-2024 06:06,-23,OFF
18-09-2024 06:07,-23,OFF
18-09-2024 06:08,-23,OFF
18-09-2024 06:09,-23,OFF
18-09-2024 06:10,-23,OFF
18-09-2024 06:11,-23,OFF
18-09-2024 06:12,-23,OFF
18-09-2024 06:13,-23,OFF
18-09-2024 06:14,-23,OFF
18-09-2024 06:15,-23,OFF
18-09-2024 06:16,-23,ON
18-09-2024 06:17,-23,ON
18-09-2024 06:18,-23.1,ON
18-09-2024 06:19,-23.1,ON
18-09-2024 06:20,-23.1,ON
18-09-2024 06:21,-23.1,ON
18-09-2024 06:22,-23.1,ON
18-09-2024 06:23,-23.1,ON
18-09-2024 06:24,-23.1,ON
18-09-2024 06:25,-23.1,ON
18-09-2024 06:26,-23.1,ON
18-09-2024 06:27,-23.1,ON
18-09-2024 06:28,-23.1,ON
18-09-2024 06:29,-23.1,ON
18-09-2024 06:30,-23.1,ON
18-09-2024 06:31,-23.1,ON
18-09-2024 06:32,-23.2,ON
18-09-2024 06:33,-23.2,ON
18-09-2024 06:34,-23.2,ON
18-09-2024 06:35,-23.2,ON
18-09-2024 06:36,-23.2,ON
18-09-2024 06:37,-23.1,ON
18-09-2024 06:38,-22.8,ON
18-09-2024 06:39,-22.3,ON
18-09-2024 06:40,-21.9,ON
18-09-2024 06:41,-21.6,ON
18-09-2024 06:42,-21,ON
18-09-2024 06:43,-20.4,ON
18-09-2024 06:44,-20,ON
18-09-2024 06:45,-19.3,ON
18-09-2024 06:46,-18.9,ON
18-09-2024 06:47,-18.5,ON
18-09-2024 06:48,-18.3,ON
18-09-2024 06:49,-17.9,ON
18-09-2024 06:50,-17.7,ON
18-09-2024 06:51,-17.6,ON
18-09-2024 06:52,-17.3,ON
18-09-2024 06:53,-17.1,ON
18-09-2024 06:54,-16.8,ON
18-09-2024 06:55,-16.8,ON
18-09-2024 06:56,-16.9,ON
18-09-2024 06:57,-17.1,ON
18-09-2024 06:58,-16.9,ON
18-09-2024 06:59,-15.8,ON
18-09-2024 07:00,-16.1,ON
18-09-2024 07:01,-16.6,ON
18-09-2024 07:02,-17,ON
18-09-2024 07:03,-17.3,ON
18-09-2024 07:04,-17.8,ON
18-09-2024 07:05,-17.8,ON
18-09-2024 07:06,-17.8,ON
18-09-2024 07:07,-17.8,ON
18-09-2024 07:08,-18.1,ON
18-09-2024 07:09,-18.6,ON
18-09-2024 07:10,-19,ON
18-09-2024 07:11,-19.3,ON
18-09-2024 07:12,-19.6,ON
18-09-2024 07:13,-19.8,ON
18-09-2024 07:14,-20,ON
18-09-2024 07:15,-20.2,ON
18-09-2024 07:16,-20.4,ON
18-09-2024 07:17,-20.5,ON
18-09-2024 07:18,-20.7,ON
18-09-2024 07:19,-20.9,ON
18-09-2024 07:20,-21,ON
18-09-2024 07:21,-21,ON
18-09-2024 07:22,-21.1,ON
18-09-2024 07:23,-21.3,ON
18-09-2024 07:24,-21.4,ON
18-09-2024 07:25,-21.4,ON
18-09-2024 07:26,-21.5,ON
18-09-2024 07:27,-21.6,ON
18-09-2024 07:28,-21.6,ON
18-09-2024 07:29,-21.7,ON
18-09-2024 07:30,-21.7,ON
18-09-2024 07:31,-21.8,ON
18-09-2024 07:32,-21.8,ON
18-09-2024 07:33,-21.9,ON
18-09-2024 07:34,-21.9,ON
18-09-2024 07:35,-22,ON
18-09-2024 07:36,-22,ON
18-09-2024 07:37,-22,ON
18-09-2024 07:38,-22,ON
18-09-2024 07:39,-22.1,ON
18-09-2024 07:40,-22.1,ON
18-09-2024 07:41,-22.1,ON
18-09-2024 07:42,-22.2,ON
18-09-2024 07:43,-22.2,ON
18-09-2024 07:44,-22.2,ON
18-09-2024 07:45,-22.2,ON
18-09-2024 07:46,-22.3,ON
18-09-2024 07:47,-22.3,ON
18-09-2024 07:48,-22.3,ON
18-09-2024 07:49,-22.3,ON
18-09-2024 07:50,-22.4,ON
18-09-2024 07:51,-22.4,ON
18-09-2024 07:52,-22.4,ON
18-09-2024 07:53,-22.4,ON
18-09-2024 07:54,-22.4,ON
18-09-2024 07:55,-22.4,ON
18-09-2024 07:56,-22.5,ON
18-09-2024 07:57,-22.5,ON
18-09-2024 07:58,-22.5,ON
18-09-2024 07:59,-22.5,ON
18-09-2024 08:00,-22.6,ON
18-09-2024 08:01,-22.6,ON
18-09-2024 08:02,-22.6,ON
18-09-2024 08:03,-22.6,ON
18-09-2024 08:04,-22.6,ON
18-09-2024 08:05,-22.6,ON
18-09-2024 08:06,-22.7,ON
18-09-2024 08:07,-22.7,ON
18-09-2024 08:08,-22.7,ON
18-09-2024 08:09,-22.7,ON
18-09-2024 08:10,-22.7,ON
18-09-2024 08:11,-22.7,ON
18-09-2024 08:12,-22.7,ON
18-09-2024 08:13,-22.8,ON
18-09-2024 08:14,-22.8,ON
18-09-2024 08:15,-22.8,ON
18-09-2024 08:16,-22.8,ON
18-09-2024 08:17,-22.8,ON
18-09-2024 08:18,-22.8,ON
18-09-2024 08:19,-22.7,ON
18-09-2024 08:20,-22.7,ON
18-09-2024 08:21,-22.7,ON
18-09-2024 08:22,-22.7,ON
18-09-2024 08:23,-22.7,ON
18-09-2024 08:24,-22.7,ON
18-09-2024 08:25,-22.7,ON
18-09-2024 08:26,-22.7,ON
18-09-2024 08:27,-22.7,ON
18-09-2024 08:28,-22.7,ON
18-09-2024 08:29,-22.7,ON
18-09-2024 08:30,-22.7,ON
18-09-2024 08:31,-22.7,ON
18-09-2024 08:32,-22.7,ON
18-09-2024 08:33,-22.7,ON
18-09-2024 08:34,-22.7,ON
18-09-2024 08:35,-22.7,ON
18-09-2024 08:36,-22.7,ON
18-09-2024 08:37,-22.7,ON
18-09-2024 08:38,-22.7,ON
18-09-2024 08:39,-22.5,ON
18-09-2024 08:40,-22.5,ON
18-09-2024 08:41,-22.5,ON
18-09-2024 08:42,-22.5,ON
18-09-2024 08:43,-22.5,ON
18-09-2024 08:44,-22.6,ON
18-09-2024 08:45,-22.6,ON
18-09-2024 08:46,-22.6,ON
18-09-2024 08:47,-22.6,ON
18-09-2024 08:48,-22.6,ON
18-09-2024 08:49,-22.6,ON
18-09-2024 08:50,-22.6,ON
18-09-2024 08:51,-22.6,ON
18-09-2024 08:52,-22.3,ON
18-09-2024 08:53,-22.3,ON
18-09-2024 08:54,-22.3,ON
18-09-2024 08:55,-22.3,ON
18-09-2024 08:56,-22.4,ON
18-09-2024 08:57,-22.4,ON
18-09-2024 08:58,-22.4,ON
18-09-2024 08:59,-22.5,ON
18-09-2024 09:00,-22.5,ON
18-09-2024 09:01,-22.5,ON
18-09-2024 09:02,-22.5,ON
18-09-2024 09:03,-22.6,ON
18-09-2024 09:04,-22.4,ON
18-09-2024 09:05,-22.4,ON
18-09-2024 09:06,-22.5,ON
18-09-2024 09:07,-22.5,ON
18-09-2024 09:08,-22.5,ON
18-09-2024 09:09,-22.6,ON
18-09-2024 09:10,-22.5,ON
18-09-2024 09:11,-22.5,ON
18-09-2024 09:12,-22.5,ON
18-09-2024 09:13,-22.5,ON
18-09-2024 09:14,-22.5,ON
18-09-2024 09:15,-22.5,ON
18-09-2024 09:16,-22.5,ON
18-09-2024 09:17,-22.2,ON
18-09-2024 09:18,-22.2,ON
18-09-2024 09:19,-22.3,ON
18-09-2024 09:20,-22.4,ON
18-09-2024 09:21,-22.5,ON
18-09-2024 09:22,-22.5,ON
18-09-2024 09:23,-22.5,ON
18-09-2024 09:24,-22.5,ON
18-09-2024 09:25,-22.5,ON
18-09-2024 09:26,-22.5,ON
18-09-2024 09:27,-22.5,ON
18-09-2024 09:28,-22.3,ON
18-09-2024 09:29,-22.2,ON
18-09-2024 09:30,-22.2,ON
18-09-2024 09:31,-22.4,ON
18-09-2024 09:32,-22.4,ON
18-09-2024 09:33,-22.4,ON
18-09-2024 09:34,-22.4,ON
18-09-2024 09:35,-22.5,ON
18-09-2024 09:36,-22.4,ON
18-09-2024 09:37,-22.4,ON
18-09-2024 09:38,-22.4,ON
18-09-2024 09:39,-22.4,ON
18-09-2024 09:40,-22.4,ON
18-09-2024 09:41,-22.5,ON
18-09-2024 09:42,-22.5,ON
18-09-2024 09:43,-22.5,ON
18-09-2024 09:44,-22.5,ON
18-09-2024 09:45,-22.5,ON
18-09-2024 09:46,-22.5,ON
18-09-2024 09:47,-22.5,ON
18-09-2024 09:48,-22.5,ON
18-09-2024 09:49,-22.5,ON
18-09-2024 09:50,-22.5,ON
18-09-2024 09:51,-22.5,ON
18-09-2024 09:52,-22.5,ON
18-09-2024 09:53,-22.5,ON
18-09-2024 09:54,-22.5,ON
18-09-2024 09:55,-22.5,ON
18-09-2024 09:56,-22.5,ON
18-09-2024 09:57,-22.5,ON
18-09-2024 09:58,-22.5,ON
18-09-2024 09:59,-22.5,ON
18-09-2024 10:00,-22.5,ON
18-09-2024 10:01,-22.5,ON
18-09-2024 10:02,-22.5,ON
18-09-2024 10:03,-22.5,ON
18-09-2024 10:04,-22.5,ON
18-09-2024 10:05,-22.5,ON
18-09-2024 10:06,-22.5,ON
18-09-2024 10:07,-22.5,ON
18-09-2024 10:08,-22.5,ON
18-09-2024 10:09,-22.5,ON
18-09-2024 10:10,-22.5,ON
18-09-2024 10:11,-22.5,ON
18-09-2024 10:12,-22.5,ON
18-09-2024 10:13,-22.4,ON
18-09-2024 10:14,-22.4,ON
18-09-2024 10:15,-22.4,ON
18-09-2024 10:16,-22.4,ON
18-09-2024 10:17,-22.4,ON
18-09-2024 10:18,-22.4,ON
18-09-2024 10:19,-22.4,ON
18-09-2024 10:20,-22.4,ON
18-09-2024 10:21,-22.4,ON
18-09-2024 10:22,-22.4,ON
18-09-2024 10:23,-22.4,ON
18-09-2024 10:24,-22.4,ON
18-09-2024 10:25,-22.4,ON
18-09-2024 10:26,-22.4,ON
18-09-2024 10:27,-22.4,ON
18-09-2024 10:28,-22.4,ON
18-09-2024 10:29,-22.4,ON
18-09-2024 10:30,-22.4,ON
18-09-2024 11:20,-15.9,ON
18-09-2024 11:21,-14.8,ON
18-09-2024 11:22,-15.5,ON
18-09-2024 11:23,-16,ON
18-09-2024 11:24,-16.4,ON
18-09-2024 11:25,-16.8,ON
18-09-2024 11:26,-17,ON
18-09-2024 11:27,-17.2,ON
18-09-2024 11:28,-17.2,ON
18-09-2024 11:29,-16.9,ON
18-09-2024 11:30,-16.9,ON
18-09-2024 11:31,-16.9,ON
18-09-2024 11:32,-16.9,ON
18-09-2024 11:33,-17,ON
18-09-2024 11:34,-17.2,ON
18-09-2024 11:35,-17.4,ON
18-09-2024 11:36,-17.4,ON
18-09-2024 11:37,-17.3,ON
18-09-2024 11:38,-17.4,ON
18-09-2024 11:39,-17.6,ON
18-09-2024 11:40,-17.6,ON
18-09-2024 11:41,-17.7,ON
18-09-2024 11:42,-18,ON
18-09-2024 11:43,-18.2,ON
18-09-2024 11:44,-18.2,ON
18-09-2024 11:45,-18.3,ON
18-09-2024 11:46,-18.3,ON
18-09-2024 11:47,-18.4,ON
18-09-2024 11:48,-18.5,ON
18-09-2024 11:49,-18.6,ON
18-09-2024 11:50,-18.6,ON
18-09-2024 11:51,-18.6,ON
18-09-2024 11:52,-18.6,ON
18-09-2024 11:53,-18.4,ON
18-09-2024 11:54,-18.4,ON
18-09-2024 11:55,-18.4,ON
18-09-2024 11:56,-18.5,ON
18-09-2024 11:57,-18.5,ON
18-09-2024 11:58,-18.5,ON
18-09-2024 11:59,-18.2,ON
18-09-2024 12:00,-18.1,ON
18-09-2024 12:01,-18.1,ON
18-09-2024 12:02,-18.1,ON
18-09-2024 12:03,-18.1,ON
18-09-2024 12:04,-18.1,ON
18-09-2024 12:05,-18.1,ON
18-09-2024 12:06,-18.1,ON
18-09-2024 12:07,-18.1,ON
18-09-2024 12:08,-18.1,ON
18-09-2024 12:09,-18.1,ON
18-09-2024 12:10,-18.1,ON
18-09-2024 12:11,-18.1,ON
18-09-2024 12:12,-18.1,ON
18-09-2024 12:13,-18.2,ON
18-09-2024 12:14,-18.2,ON
18-09-2024 12:15,-18.3,ON
18-09-2024 12:16,-18.3,ON
18-09-2024 12:17,-18.3,ON
18-09-2024 12:18,-18.3,ON
18-09-2024 12:19,-18.3,ON
18-09-2024 12:20,-18.3,ON
18-09-2024 12:21,-18.3,ON
18-09-2024 12:22,-18.2,ON
18-09-2024 12:23,-18,ON
18-09-2024 12:24,-17.9,ON
18-09-2024 12:25,-17.9,ON
18-09-2024 12:26,-18,ON
18-09-2024 12:27,-18.2,ON
18-09-2024 12:28,-18.5,ON
18-09-2024 12:29,-18.7,ON
18-09-2024 12:30,-18.7,ON
18-09-2024 12:31,-18.8,ON
18-09-2024 12:32,-19,ON
18-09-2024 12:33,-19,ON
18-09-2024 12:34,-19,ON
18-09-2024 12:35,-19,ON
18-09-2024 12:36,-19,ON
18-09-2024 12:37,-18.8,ON
18-09-2024 12:38,-18.6,ON
18-09-2024 12:39,-18.5,ON
18-09-2024 12:40,-18.4,ON
18-09-2024 12:41,-18.3,ON
18-09-2024 12:42,-18.1,ON
18-09-2024 12:43,-17.9,ON
18-09-2024 12:44,-17.8,ON
18-09-2024 12:45,-17.8,ON
18-09-2024 12:46,-17.8,ON
18-09-2024 12:47,-17.8,ON
18-09-2024 12:48,-17.8,ON
18-09-2024 12:49,-17.8,ON
18-09-2024 12:50,-17.8,ON
18-09-2024 12:51,-17.8,ON
18-09-2024 12:52,-17.8,ON
18-09-2024 12:53,-17.8,ON
18-09-2024 12:54,-17.8,ON
18-09-2024 12:55,-17.8,ON
18-09-2024 12:56,-17.8,ON
18-09-2024 12:57,-17.8,ON
18-09-2024 12:58,-17.7,ON
18-09-2024 12:59,-17.4,ON
18-09-2024 13:00,-17.4,ON
18-09-2024 13:01,-17.4,ON
18-09-2024 13:02,-17.4,ON
18-09-2024 13:03,-17.4,ON
18-09-2024 13:04,-17.4,ON
18-09-2024 13:05,-17.4,ON
18-09-2024 13:06,-17.4,ON
18-09-2024 13:07,-17.4,ON
18-09-2024 13:08,-17.4,ON
18-09-2024 13:09,-17.4,ON
18-09-2024 13:10,-17.5,ON
18-09-2024 13:11,-17.5,ON
18-09-2024 13:12,-17.5,ON
18-09-2024 13:13,-17.5,ON
18-09-2024 13:14,-17.5,ON
18-09-2024 13:15,-17.5,ON
18-09-2024 13:16,-17.5,ON
18-09-2024 13:17,-17.5,ON
18-09-2024 13:18,-17.4,ON
18-09-2024 13:19,-17.4,ON
18-09-2024 13:20,-17.3,ON
18-09-2024 13:21,-17.2,ON
18-09-2024 13:22,-17.2,ON
18-09-2024 13:23,-17.2,ON
18-09-2024 13:24,-17.2,ON
18-09-2024 13:25,-17.2,ON
18-09-2024 13:26,-17.2,ON
18-09-2024 13:27,-17.2,ON
18-09-2024 13:28,-17.2,ON
18-09-2024 13:29,-17.2,ON
18-09-2024 13:30,-17,ON
18-09-2024 13:31,-17,ON
18-09-2024 13:32,-16.9,ON
18-09-2024 13:33,-16.9,ON
18-09-2024 13:34,-16.9,ON
18-09-2024 13:35,-16.9,ON
18-09-2024 13:36,-17,ON
18-09-2024 13:37,-17.1,ON
18-09-2024 13:38,-17.1,ON
18-09-2024 13:39,-17.1,ON
18-09-2024 13:40,-17.1,ON
18-09-2024 13:41,-17.1,ON
18-09-2024 13:42,-17.1,ON
18-09-2024 13:43,-17.1,ON
18-09-2024 13:44,-17.1,ON
18-09-2024 13:45,-17.1,ON
18-09-2024 13:46,-17.1,ON
18-09-2024 13:47,-16.8,ON
18-09-2024 13:48,-16.8,ON
18-09-2024 13:49,-16.7,ON
18-09-2024 13:50,-16.7,ON
18-09-2024 13:51,-16.8,ON
18-09-2024 13:52,-16.8,ON
18-09-2024 13:53,-17,ON
18-09-2024 13:54,-17.2,OFF
18-09-2024 13:55,-17.2,OFF
18-09-2024 13:56,-17.3,OFF
18-09-2024 13:57,-17.4,OFF
18-09-2024 13:58,-17.4,OFF
18-09-2024 13:59,-17.4,OFF
18-09-2024 14:00,-17.4,OFF
18-09-2024 14:01,-17.4,OFF
18-09-2024 14:02,-17.4,OFF
18-09-2024 14:03,-17.4,OFF
18-09-2024 14:04,-17.4,OFF
18-09-2024 14:05,-17.4,OFF
18-09-2024 14:06,-17.5,OFF
18-09-2024 14:07,-17.7,OFF
18-09-2024 14:08,-17.7,OFF
18-09-2024 14:09,-17.8,OFF
18-09-2024 14:10,-17.9,OFF
18-09-2024 14:11,-18,OFF
18-09-2024 14:12,-18,OFF
18-09-2024 14:13,-18,OFF
18-09-2024 14:14,-18.1,ON
18-09-2024 14:15,-18.1,ON
18-09-2024 14:16,-18.2,ON
18-09-2024 14:17,-18.3,ON
18-09-2024 14:18,-18.3,ON
18-09-2024 14:19,-18.4,ON
18-09-2024 14:20,-18.4,ON
18-09-2024 14:21,-18.6,ON
18-09-2024 14:22,-18.6,ON
18-09-2024 14:23,-18.6,ON
18-09-2024 14:24,-18.6,ON
18-09-2024 14:25,-18.6,ON
18-09-2024 14:26,-18.6,ON
18-09-2024 14:27,-18.6,ON
18-09-2024 14:28,-18.6,ON
18-09-2024 14:29,-18.6,ON
18-09-2024 14:30,-18.7,ON
18-09-2024 14:31,-18.7,ON
18-09-2024 14:32,-18.7,ON
18-09-2024 14:33,-18.7,ON
18-09-2024 14:34,-18.8,ON
18-09-2024 14:35,-18.8,ON
18-09-2024 14:36,-18.8,ON
18-09-2024 14:37,-18.8,ON
18-09-2024 14:38,-18.8,ON
18-09-2024 14:39,-18.8,ON
18-09-2024 14:40,-18.9,ON
18-09-2024 14:41,-18.9,ON
18-09-2024 14:42,-18.9,ON
18-09-2024 14:43,-18.9,ON
18-09-2024 14:44,-18.9,ON
18-09-2024 14:45,-18.9,ON
18-09-2024 14:46,-19,ON
18-09-2024 14:47,-19,ON
18-09-2024 14:48,-19,ON
18-09-2024 14:49,-19,ON
18-09-2024 14:50,-19.1,ON
18-09-2024 14:51,-19.1,ON
18-09-2024 14:52,-19.2,ON
18-09-2024 14:53,-19.2,ON
18-09-2024 14:54,-19.2,ON
18-09-2024 14:55,-19.2,ON
18-09-2024 14:56,-19.2,ON
18-09-2024 14:57,-19.2,ON
18-09-2024 14:58,-19.3,ON
18-09-2024 14:59,-19.3,ON
18-09-2024 15:00,-19.3,ON
18-09-2024 15:01,-19.3,ON
18-09-2024 15:02,-19.3,ON
18-09-2024 15:03,-19.3,ON
18-09-2024 15:04,-19.3,ON
18-09-2024 15:05,-19.4,ON
18-09-2024 15:06,-19.4,ON
18-09-2024 15:07,-19.4,ON
18-09-2024 15:08,-19.4,ON
18-09-2024 15:09,-19.5,ON
18-09-2024 15:10,-19.5,ON
18-09-2024 15:36,-15.4,ON
18-09-2024 15:37,-15.3,ON
18-09-2024 15:38,-14.7,ON
18-09-2024 15:39,-13.8,ON
18-09-2024 15:40,-13.4,ON
18-09-2024 15:41,-13.4,ON
18-09-2024 15:42,-13.2,ON
18-09-2024 15:43,-11.6,ON
18-09-2024 15:44,-12.8,ON
18-09-2024 15:45,-13.3,ON
18-09-2024 15:46,-13.5,ON
18-09-2024 15:47,-13.8,ON
18-09-2024 15:48,-13.8,ON
18-09-2024 15:49,-13.8,ON
18-09-2024 15:50,-14,ON
18-09-2024 15:51,-14.2,ON
18-09-2024 15:52,-14.3,ON
18-09-2024 15:53,-14.6,ON
18-09-2024 15:54,-14.8,ON
18-09-2024 15:55,-14.9,ON
18-09-2024 15:56,-15.1,ON
18-09-2024 15:57,-15.5,ON
18-09-2024 15:58,-15.9,ON
18-09-2024 15:59,-16.1,ON
18-09-2024 16:00,-16.5,ON
18-09-2024 16:01,-16.8,ON
18-09-2024 16:02,-17,ON
18-09-2024 16:03,-17.1,ON
18-09-2024 16:04,-16.7,ON
18-09-2024 16:05,-17.2,ON
18-09-2024 16:06,-17.5,ON
18-09-2024 16:07,-17.7,ON
18-09-2024 16:08,-16.8,ON
18-09-2024 16:09,-16.1,ON
18-09-2024 16:10,-16.2,ON
18-09-2024 16:11,-15.3,ON
18-09-2024 16:12,-14.9,ON
18-09-2024 16:13,-14.9,ON
18-09-2024 16:14,-15.2,ON
18-09-2024 16:15,-14,ON
18-09-2024 16:16,-14.6,ON
18-09-2024 16:17,-14.9,ON
18-09-2024 16:18,-14.9,ON
18-09-2024 16:19,-15.4,ON
18-09-2024 16:20,-15.8,ON
18-09-2024 16:21,-16,ON
18-09-2024 16:22,-16.3,ON
18-09-2024 16:23,-16.5,ON
18-09-2024 16:24,-16.8,ON
18-09-2024 16:25,-16.9,ON
18-09-2024 16:26,-17.1,ON
18-09-2024 16:27,-17.3,ON
18-09-2024 16:28,-17.5,ON
18-09-2024 16:29,-17.6,ON
18-09-2024 16:30,-17.6,ON
18-09-2024 16:31,-17.7,ON
18-09-2024 16:32,-17.7,ON
18-09-2024 16:33,-17.9,ON
18-09-2024 16:34,-18,ON
18-09-2024 16:35,-18,ON
18-09-2024 16:36,-18.1,ON
18-09-2024 16:37,-18.3,ON
18-09-2024 16:38,-18.3,ON
18-09-2024 16:39,-18.3,ON
18-09-2024 16:40,-18.5,ON
18-09-2024 16:41,-18.5,ON
18-09-2024 16:42,-18.6,ON
18-09-2024 16:43,-18.6,ON
18-09-2024 16:44,-18.6,ON
18-09-2024 16:45,-18.7,ON
18-09-2024 16:46,-18.7,ON
18-09-2024 16:47,-18.7,ON
18-09-2024 16:48,-18.7,ON
18-09-2024 16:49,-18.8,ON
18-09-2024 16:50,-18.9,ON
18-09-2024 16:51,-18.9,ON
18-09-2024 16:52,-19,ON
18-09-2024 16:53,-19.1,ON
18-09-2024 16:54,-19.1,ON
18-09-2024 16:55,-19.1,ON
18-09-2024 16:56,-19.2,ON
18-09-2024 16:57,-19.2,ON
18-09-2024 16:58,-19.2,ON
18-09-2024 16:59,-19.3,ON
18-09-2024 17:00,-19.3,ON
18-09-2024 17:01,-19.3,ON
18-09-2024 17:02,-19.4,ON
18-09-2024 17:03,-19.4,ON
18-09-2024 17:04,-19.6,ON
18-09-2024 17:05,-19.6,ON
18-09-2024 17:06,-19.6,ON
18-09-2024 17:07,-19.6,ON
18-09-2024 17:08,-19.8,ON
18-09-2024 17:09,-19.8,ON
18-09-2024 17:10,-19.8,ON
18-09-2024 17:11,-19.8,ON
18-09-2024 17:12,-19.8,ON
18-09-2024 17:13,-19.8,ON
18-09-2024 17:14,-19.8,ON
18-09-2024 17:15,-19.8,ON
18-09-2024 17:16,-19.9,ON
18-09-2024 17:17,-19.9,ON
18-09-2024 17:18,-19.9,ON
18-09-2024 17:19,-19.9,ON
18-09-2024 17:20,-20,ON
18-09-2024 17:21,-20.1,ON
18-09-2024 17:22,-20.1,ON
18-09-2024 17:23,-20.1,ON
18-09-2024 17:24,-20.1,ON
18-09-2024 17:25,-20.1,ON
18-09-2024 17:26,-20.2,ON
18-09-2024 17:27,-20.3,ON
18-09-2024 17:28,-20.3,ON
18-09-2024 17:29,-20.3,ON
18-09-2024 17:30,-20.3,ON
18-09-2024 17:31,-20.3,ON
18-09-2024 17:32,-20.3,ON
18-09-2024 17:33,-20.3,ON
18-09-2024 17:34,-20.3,ON
18-09-2024 17:35,-20.3,ON
18-09-2024 17:36,-20.3,ON
18-09-2024 17:37,-20.3,ON
18-09-2024 17:38,-20.3,ON
18-09-2024 17:39,-20.4,ON
18-09-2024 17:40,-20.4,ON
18-09-2024 17:41,-20.4,ON
18-09-2024 17:42,-20.5,ON
18-09-2024 17:43,-20.6,ON
18-09-2024 17:44,-20.6,ON
18-09-2024 17:45,-20.6,ON
18-09-2024 17:46,-20.6,ON
18-09-2024 17:47,-20.6,ON
18-09-2024 17:48,-20.6,ON
18-09-2024 17:49,-20.6,ON
18-09-2024 17:50,-20.8,ON
18-09-2024 17:51,-20.7,ON
18-09-2024 17:52,-20.7,ON
18-09-2024 17:53,-20.3,ON
18-09-2024 17:54,-20.3,ON
18-09-2024 17:55,-20.5,ON
18-09-2024 17:56,-20.5,ON
18-09-2024 17:57,-20.5,ON
18-09-2024 17:58,-20.5,ON
18-09-2024 17:59,-20.6,ON
18-09-2024 18:00,-20.8,ON
18-09-2024 18:01,-20.8,ON
18-09-2024 18:02,-20.8,ON
18-09-2024 18:03,-20.8,ON
18-09-2024 18:04,-20.8,ON
18-09-2024 18:05,-20.8,ON
18-09-2024 18:06,-20.8,ON
18-09-2024 18:07,-20.8,ON
18-09-2024 18:08,-20.8,ON
18-09-2024 18:09,-20.8,ON
18-09-2024 18:10,-20.8,ON
18-09-2024 18:11,-20.8,ON
18-09-2024 18:12,-20.8,ON
18-09-2024 18:13,-20.8,ON
18-09-2024 18:14,-20.8,ON
18-09-2024 18:15,-20.8,ON
18-09-2024 18:16,-20.8,ON
18-09-2024 18:17,-20.8,ON
18-09-2024 18:18,-20.8,ON
18-09-2024 18:19,-20.8,ON
18-09-2024 18:20,-20.8,ON
18-09-2024 18:21,-20.8,ON
18-09-2024 18:22,-20.8,ON
18-09-2024 18:23,-20.8,ON
18-09-2024 18:24,-20.8,ON
18-09-2024 18:25,-20.8,ON
18-09-2024 18:26,-20.8,ON
18-09-2024 18:27,-20.8,ON
18-09-2024 18:28,-20.8,ON
18-09-2024 18:29,-20.8,ON
18-09-2024 18:30,-20.9,ON
18-09-2024 18:31,-20.9,ON
18-09-2024 18:32,-21.1,ON
18-09-2024 18:33,-21.2,ON
18-09-2024 18:34,-21.3,ON
18-09-2024 18:35,-21.3,ON
18-09-2024 18:36,-21.4,ON
18-09-2024 18:37,-21.4,ON
18-09-2024 18:38,-21.3,ON
18-09-2024 18:39,-21.3,ON
18-09-2024 18:40,-21.3,ON
18-09-2024 18:41,-21.5,ON
18-09-2024 18:42,-21.5,ON
18-09-2024 18:43,-21.5,ON
18-09-2024 18:44,-21.4,ON
18-09-2024 18:45,-21.4,ON
18-09-2024 18:46,-21.4,ON
18-09-2024 18:47,-21.4,ON
18-09-2024 18:48,-21.4,ON
18-09-2024 18:49,-21.4,ON
18-09-2024 18:50,-21.4,ON
18-09-2024 18:51,-21.4,ON
18-09-2024 18:52,-21.4,ON
18-09-2024 18:53,-21.4,ON
18-09-2024 18:54,-21.4,ON
18-09-2024 18:55,-21.3,ON
18-09-2024 18:56,-21.3,ON
18-09-2024 18:57,-21.3,ON
18-09-2024 18:58,-21.3,ON
18-09-2024 18:59,-21.3,ON
18-09-2024 19:00,-21.3,ON
18-09-2024 19:01,-21.3,ON
18-09-2024 19:02,-21.3,ON
18-09-2024 19:03,-21.3,ON
18-09-2024 19:04,-21.3,ON
18-09-2024 19:05,-21.3,ON
18-09-2024 19:06,-21.3,ON
18-09-2024 19:07,-21.3,ON
18-09-2024 19:08,-21.4,ON
18-09-2024 19:09,-21.4,ON
18-09-2024 19:10,-21.3,ON
18-09-2024 19:11,-21.3,ON
18-09-2024 19:12,-21.3,ON
18-09-2024 19:13,-21.3,ON
18-09-2024 19:14,-21.3,ON
18-09-2024 19:15,-21.3,ON
18-09-2024 19:16,-21.3,ON
18-09-2024 19:17,-21.3,ON
18-09-2024 19:18,-21.3,ON
18-09-2024 19:19,-21.3,ON
18-09-2024 19:20,-21.3,ON
18-09-2024 19:21,-21.4,ON
18-09-2024 19:22,-21.4,ON
18-09-2024 19:23,-21.4,ON
18-09-2024 19:24,-21.4,ON
18-09-2024 19:25,-21.4,ON
18-09-2024 19:26,-21.4,ON
18-09-2024 19:27,-21.4,ON
18-09-2024 19:28,-21.4,ON
18-09-2024 19:29,-21.4,ON
18-09-2024 19:30,-21.4,ON
18-09-2024 19:31,-21.5,ON
18-09-2024 19:32,-21.5,ON
18-09-2024 19:33,-21.5,ON
18-09-2024 19:34,-21.5,ON
18-09-2024 19:35,-21.5,ON
18-09-2024 19:36,-21.5,ON
18-09-2024 19:37,-21.5,ON
18-09-2024 19:38,-21.5,ON
18-09-2024 19:39,-21.5,ON
18-09-2024 19:40,-21.5,ON
18-09-2024 19:41,-21.5,ON
18-09-2024 19:42,-21.5,ON
18-09-2024 19:43,-21.5,ON
18-09-2024 19:44,-21.5,ON
18-09-2024 19:45,-21.4,ON
18-09-2024 19:46,-21.4,ON
18-09-2024 19:47,-21.2,ON
18-09-2024 19:48,-20.9,ON
18-09-2024 19:49,-20.4,ON
18-09-2024 19:50,-20.2,ON
18-09-2024 19:51,-20.2,ON
18-09-2024 19:52,-20,ON
18-09-2024 19:53,-19.7,ON
18-09-2024 19:54,-19.1,ON
18-09-2024 19:55,-18.4,ON
18-09-2024 19:56,-18.2,ON
18-09-2024 19:57,-17.9,ON
18-09-2024 19:58,-17.6,ON
18-09-2024 19:59,-17.2,ON
18-09-2024 20:00,-17.1,ON
18-09-2024 20:01,-17,ON
18-09-2024 20:02,-16.9,ON
18-09-2024 20:03,-16.8,ON
18-09-2024 20:04,-16.5,ON
18-09-2024 20:05,-15.1,ON
18-09-2024 20:06,-15.3,ON
18-09-2024 20:07,-15.6,ON
18-09-2024 20:08,-16,ON
18-09-2024 20:09,-16.3,ON
18-09-2024 20:10,-16.4,ON
18-09-2024 20:11,-16.6,ON
18-09-2024 20:12,-16.7,ON
18-09-2024 20:13,-16.9,ON
18-09-2024 20:14,-17,ON
18-09-2024 20:15,-17.4,ON
18-09-2024 20:16,-17.4,ON
18-09-2024 20:17,-17.4,ON
18-09-2024 20:18,-17.3,ON
18-09-2024 20:19,-17.3,ON
18-09-2024 20:20,-17.3,ON
18-09-2024 20:21,-17.3,ON
18-09-2024 20:22,-17.6,ON
18-09-2024 20:23,-17.9,ON
18-09-2024 20:24,-18,ON
18-09-2024 20:25,-18.2,ON
18-09-2024 20:26,-18.5,ON
18-09-2024 20:27,-18.6,ON
18-09-2024 20:28,-18.6,ON
18-09-2024 20:29,-18.6,ON
18-09-2024 20:30,-18.7,ON
18-09-2024 20:31,-18.8,ON
18-09-2024 20:32,-19,ON
18-09-2024 20:33,-19,ON
18-09-2024 20:34,-19,ON
18-09-2024 20:35,-19,ON
18-09-2024 20:36,-19.2,ON
18-09-2024 20:37,-19.2,ON
18-09-2024 20:38,-19.4,ON
18-09-2024 20:39,-19.4,ON
18-09-2024 20:40,-19.4,ON
18-09-2024 20:41,-19.4,ON
18-09-2024 20:42,-19.5,ON
18-09-2024 20:43,-19.6,ON
18-09-2024 20:44,-19.7,ON
18-09-2024 20:45,-19.7,ON
18-09-2024 20:46,-19.7,ON
18-09-2024 20:47,-19.7,ON
18-09-2024 20:48,-19.8,ON
18-09-2024 20:49,-19.9,ON
18-09-2024 20:50,-20,ON
18-09-2024 20:51,-20,ON
18-09-2024 20:52,-20,ON
18-09-2024 20:53,-20.2,ON
18-09-2024 20:54,-20.3,ON
18-09-2024 20:55,-20.3,ON
18-09-2024 20:56,-20.3,ON
18-09-2024 20:57,-20.3,ON
18-09-2024 20:58,-20.3,ON
18-09-2024 20:59,-20.3,ON
18-09-2024 21:00,-20.4,ON
18-09-2024 21:01,-20.4,ON
18-09-2024 21:02,-20.4,ON
18-09-2024 21:03,-20.4,ON
18-09-2024 21:04,-20.5,ON
18-09-2024 21:05,-20.6,ON
18-09-2024 21:06,-20.6,ON
18-09-2024 21:07,-20.6,ON
18-09-2024 21:08,-20.6,ON
18-09-2024 21:09,-20.6,ON
18-09-2024 21:10,-20.6,ON
18-09-2024 21:11,-20.6,ON
18-09-2024 21:12,-20.6,ON
18-09-2024 21:13,-20.6,ON
18-09-2024 21:14,-20.6,ON
18-09-2024 21:15,-20.6,ON
18-09-2024 21:16,-20.6,ON
18-09-2024 21:17,-20.6,ON
18-09-2024 21:18,-21,ON
18-09-2024 21:19,-21,ON
18-09-2024 21:20,-21,ON
18-09-2024 21:21,-21,ON
18-09-2024 21:22,-21,ON
18-09-2024 21:23,-21,ON
18-09-2024 21:24,-21,ON
18-09-2024 21:25,-21,ON
18-09-2024 21:26,-21,ON
18-09-2024 21:27,-21,ON
18-09-2024 21:28,-21,ON
18-09-2024 21:29,-21,ON
18-09-2024 21:30,-21,ON
18-09-2024 21:31,-21,ON
18-09-2024 21:32,-21,ON
18-09-2024 21:33,-21,ON
18-09-2024 21:34,-21,ON
18-09-2024 21:35,-21,ON
18-09-2024 21:36,-21,ON
18-09-2024 21:37,-21.2,ON
18-09-2024 21:38,-21.2,ON
18-09-2024 21:39,-21.2,ON
18-09-2024 21:40,-21.2,ON
18-09-2024 21:41,-21.4,ON
18-09-2024 21:42,-21.4,ON
18-09-2024 21:43,-21.4,ON
18-09-2024 21:44,-21.4,ON
18-09-2024 21:45,-21.4,ON
18-09-2024 21:46,-21.4,ON
18-09-2024 21:47,-21.3,ON
18-09-2024 21:48,-21.3,ON
18-09-2024 21:49,-21.3,ON
18-09-2024 21:50,-21.3,ON
18-09-2024 21:51,-21.3,ON
18-09-2024 21:52,-21.3,OFF
18-09-2024 21:53,-21.3,OFF
18-09-2024 21:54,-21.3,OFF
18-09-2024 21:55,-21.3,OFF
18-09-2024 21:56,-21.4,OFF
18-09-2024 21:57,-21.4,OFF
18-09-2024 21:58,-21.4,OFF
18-09-2024 21:59,-21.4,OFF
18-09-2024 22:00,-21.4,OFF
18-09-2024 22:01,-21.4,OFF
18-09-2024 22:02,-21.4,OFF
18-09-2024 22:03,-21.4,OFF
18-09-2024 22:04,-21.4,OFF
18-09-2024 22:05,-21.4,OFF
18-09-2024 22:06,-21.4,OFF
18-09-2024 22:07,-21.4,OFF
18-09-2024 22:08,-21.4,OFF
18-09-2024 22:09,-21.4,OFF
18-09-2024 22:10,-21.4,OFF
18-09-2024 22:11,-21.4,OFF
18-09-2024 22:12,-21.4,ON
18-09-2024 22:13,-21.4,ON
18-09-2024 22:14,-21.4,ON
18-09-2024 22:15,-21.4,ON
18-09-2024 22:16,-21.4,ON
18-09-2024 22:17,-21.4,ON
18-09-2024 22:18,-21.4,ON
18-09-2024 22:19,-21.4,ON
18-09-2024 22:20,-21.5,ON
18-09-2024 22:21,-21.6,ON
18-09-2024 22:22,-21.6,ON
18-09-2024 22:23,-21.6,ON
18-09-2024 22:24,-21.6,ON
18-09-2024 22:25,-21.6,ON
18-09-2024 22:26,-21.6,ON
18-09-2024 22:27,-21.6,ON
18-09-2024 22:28,-21.6,ON
18-09-2024 22:29,-21.6,ON
18-09-2024 22:30,-21.6,ON
18-09-2024 22:31,-21.6,ON
18-09-2024 22:32,-21.6,ON
18-09-2024 22:33,-21.6,ON
18-09-2024 22:34,-21.6,ON
18-09-2024 22:35,-21.6,ON
18-09-2024 22:36,-21.6,ON
18-09-2024 22:37,-21.6,ON
18-09-2024 22:38,-21.6,ON
18-09-2024 22:39,-21.6,ON
18-09-2024 22:40,-21.6,ON
18-09-2024 22:41,-21.6,ON
18-09-2024 22:42,-21.6,ON
18-09-2024 22:43,-21.6,ON
18-09-2024 22:44,-21.6,ON
18-09-2024 22:45,-21.6,ON
18-09-2024 22:46,-21.6,ON
18-09-2024 22:47,-21.6,ON
18-09-2024 22:48,-21.6,ON
18-09-2024 22:49,-21.6,ON
18-09-2024 22:50,-21.5,ON
18-09-2024 22:51,-21.5,ON
18-09-2024 22:52,-21.5,ON
18-09-2024 22:53,-21.5,ON
18-09-2024 22:54,-21.5,ON
18-09-2024 22:55,-21.5,ON
18-09-2024 22:56,-21.5,ON
18-09-2024 22:57,-21.5,ON
18-09-2024 22:58,-21.5,ON
18-09-2024 22:59,-21.6,ON
18-09-2024 23:00,-21.7,ON
18-09-2024 23:01,-21.7,ON
18-09-2024 23:02,-21.7,ON
18-09-2024 23:03,-21.7,ON
18-09-2024 23:04,-21.7,ON
18-09-2024 23:05,-21.7,ON
18-09-2024 23:06,-21.7,ON
18-09-2024 23:07,-21.8,ON
18-09-2024 23:08,-21.8,ON
18-09-2024 23:09,-21.8,ON
18-09-2024 23:10,-21.8,ON
18-09-2024 23:11,-21.9,ON
18-09-2024 23:12,-21.9,ON
18-09-2024 23:13,-21.9,ON
18-09-2024 23:14,-21.9,ON
18-09-2024 23:15,-21.9,ON
18-09-2024 23:16,-21.9,ON
18-09-2024 23:17,-21.9,ON
18-09-2024 23:18,-21.9,ON
18-09-2024 23:19,-21.9,ON
18-09-2024 23:20,-22,ON
18-09-2024 23:21,-22,ON
18-09-2024 23:22,-22,ON
18-09-2024 23:23,-22,ON
18-09-2024 23:24,-22,ON
18-09-2024 23:25,-21.9,ON
18-09-2024 23:26,-21.9,ON
18-09-2024 23:27,-21.9,ON
18-09-2024 23:28,-21.9,ON
18-09-2024 23:29,-21.9,ON
18-09-2024 23:30,-21.9,ON
18-09-2024 23:31,-21.8,ON
18-09-2024 23:32,-21.8,ON
18-09-2024 23:33,-21.8,ON
18-09-2024 23:34,-21.8,ON
18-09-2024 23:35,-21.8,ON
18-09-2024 23:36,-21.8,ON
18-09-2024 23:37,-21.8,ON
18-09-2024 23:38,-21.8,ON
18-09-2024 23:39,-21.8,ON
18-09-2024 23:40,-21.8,ON
18-09-2024 23:41,-21.8,ON
18-09-2024 23:42,-21.8,ON
18-09-2024 23:43,-21.8,ON
18-09-2024 23:44,-21.8,ON
18-09-2024 23:45,-21.8,ON
18-09-2024 23:46,-21.8,ON
18-09-2024 23:47,-21.7,ON
18-09-2024 23:48,-21.7,ON
18-09-2024 23:49,-21.7,ON
18-09-2024 23:50,-21.7,ON
18-09-2024 23:51,-21.7,ON
18-09-2024 23:52,-21.7,ON
18-09-2024 23:53,-21.7,ON
18-09-2024 23:54,-21.7,ON
18-09-2024 23:55,-21.7,ON
18-09-2024 23:56,-21.8,ON
18-09-2024 23:57,-21.9,ON
18-09-2024 23:58,-21.9,ON
18-09-2024 23:59,-21.9,ON
